Date,Event Type,Client,Challenge,Sprint,Assignment,Session ID
"2026-02-10T15:52:07.932883+00:00","challenge_view","Company Challenges","Company Challenges Demo","","","a39c94e5-8e6f-4ee9-b9a6-3dbf190fceee"
"2026-02-10T14:16:07.550959+00:00","assignment_view","Company Challenges","Company Challenges Demo","AI Adoption Demo","Your First Useful Prompt","4d0502ba-a898-42be-8604-a59ef08b2225"
"2026-02-10T13:46:52.479281+00:00","challenge_view","Company Challenges","Company Challenges Demo","","","4d0502ba-a898-42be-8604-a59ef08b2225"
"2026-02-10T13:46:49.804484+00:00","challenge_view","Company Challenges","Company Challenges Demo","","","4d0502ba-a898-42be-8604-a59ef08b2225"
"2026-02-10T13:38:19.845753+00:00","challenge_view","Company Challenges","Company Challenges Demo","","","4d0502ba-a898-42be-8604-a59ef08b2225"
"2026-02-10T13:38:16.719671+00:00","challenge_view","Company Challenges","Company Challenges Demo","","","4d0502ba-a898-42be-8604-a59ef08b2225"
"2026-02-09T15:17:34.797778+00:00","assignment_view","Company Challenges","Company Challenges Demo","AI Adoption Demo","What do you think?","b4b23118-7f7d-409c-85b0-0ba070a8e091"
"2026-02-09T15:17:19.177611+00:00","challenge_view","Company Challenges","Company Challenges Demo","","","b4b23118-7f7d-409c-85b0-0ba070a8e091"
"2026-02-09T15:16:59.595356+00:00","media_play","Company Challenges","Company Challenges Demo","","Jobs to be done","b4b23118-7f7d-409c-85b0-0ba070a8e091"
"2026-02-09T15:16:53.659706+00:00","assignment_view","Company Challenges","Company Challenges Demo","Innovation Demo","Jobs to be done","b4b23118-7f7d-409c-85b0-0ba070a8e091"
"2026-02-09T15:16:48.18554+00:00","assignment_complete","Company Challenges","Company Challenges Demo","Innovation Demo","Launch Ideation Challenge","b4b23118-7f7d-409c-85b0-0ba070a8e091"
"2026-02-09T15:16:44.931144+00:00","assignment_view","Company Challenges","Company Challenges Demo","Innovation Demo","Launch Ideation Challenge","b4b23118-7f7d-409c-85b0-0ba070a8e091"
"2026-02-09T15:16:44.574586+00:00","password_attempt","Company Challenges","Company Challenges Demo","","Launch Ideation Challenge","b4b23118-7f7d-409c-85b0-0ba070a8e091"
"2026-02-09T15:16:25.774092+00:00","challenge_view","Company Challenges","Company Challenges Demo","","","b4b23118-7f7d-409c-85b0-0ba070a8e091"
"2026-02-09T11:24:55.313178+00:00","assignment_view","Company Challenges","Tester","","Vimeo","b4b23118-7f7d-409c-85b0-0ba070a8e091"
"2026-02-09T11:24:26.171007+00:00","assignment_view","Company Challenges","Tester","","Vimeo","b4b23118-7f7d-409c-85b0-0ba070a8e091"
"2026-02-09T11:19:20.193336+00:00","media_play","Company Challenges","Tester","","Vimeo","b4b23118-7f7d-409c-85b0-0ba070a8e091"
"2026-02-09T11:19:16.860864+00:00","assignment_view","Company Challenges","Tester","","Vimeo","b4b23118-7f7d-409c-85b0-0ba070a8e091"
"2026-02-09T11:18:02.500608+00:00","media_play","Company Challenges","Tester","","Vimeo","b4b23118-7f7d-409c-85b0-0ba070a8e091"
"2026-02-09T11:18:01.092819+00:00","assignment_view","Company Challenges","Tester","","Vimeo","b4b23118-7f7d-409c-85b0-0ba070a8e091"
"2026-02-09T09:50:29.528857+00:00","challenge_view","Company Challenges","Company Challenges Demo","","","b4b23118-7f7d-409c-85b0-0ba070a8e091"
"2026-02-09T09:49:12.09901+00:00","challenge_view","Company Challenges","Company Challenges Demo","","","b4b23118-7f7d-409c-85b0-0ba070a8e091"
"2026-02-09T09:46:38.824322+00:00","assignment_view","Company Challenges","Company Challenges Demo","AI Adoption Demo","What do you think?","b4b23118-7f7d-409c-85b0-0ba070a8e091"
"2026-02-09T09:46:38.431382+00:00","password_attempt","Company Challenges","Company Challenges Demo","","What do you think?","b4b23118-7f7d-409c-85b0-0ba070a8e091"
"2026-02-07T06:15:42.670269+00:00","assignment_view","Company Challenges","Company Challenges Demo","Values challenge Demo","When in Doubt…","a6223c56-c4e6-4751-87ac-1262d6aa2939"
"2026-02-07T06:15:40.111164+00:00","assignment_view","Company Challenges","Company Challenges Demo","Values challenge Demo","When in Doubt…","a6223c56-c4e6-4751-87ac-1262d6aa2939"
"2026-02-07T06:15:03.650835+00:00","assignment_view","Company Challenges","Company Challenges Demo","Innovation Demo","Launch Ideation Challenge","a6223c56-c4e6-4751-87ac-1262d6aa2939"
"2026-02-07T06:15:03.110498+00:00","password_attempt","Company Challenges","Company Challenges Demo","","Launch Ideation Challenge","a6223c56-c4e6-4751-87ac-1262d6aa2939"
"2026-02-07T05:56:57.582807+00:00","assignment_view","Company Challenges","Company Challenges Demo","AI Adoption Demo","Your First Useful Prompt","c49673ef-1343-4c12-a17f-b8aab9bc4b7a"
"2026-02-07T05:56:49.224928+00:00","assignment_view","Company Challenges","Company Challenges Demo","AI Adoption Demo","Your First Useful Prompt","c49673ef-1343-4c12-a17f-b8aab9bc4b7a"
"2026-02-07T05:56:25.024286+00:00","assignment_view","Company Challenges","Company Challenges Demo","AI Adoption Demo","Your First Useful Prompt","c49673ef-1343-4c12-a17f-b8aab9bc4b7a"
"2026-02-07T05:55:24.952656+00:00","challenge_view","Company Challenges","Company Challenges Demo","","","c49673ef-1343-4c12-a17f-b8aab9bc4b7a"
"2026-02-07T05:55:23.299496+00:00","challenge_view","Company Challenges","Company Challenges Demo","","","c49673ef-1343-4c12-a17f-b8aab9bc4b7a"
"2026-02-06T09:57:59.913013+00:00","challenge_view","Company Challenges","Company Challenges Demo","","","6d5ae7f7-e8bc-48b4-a997-a8310b955485"
"2026-02-06T09:41:55.417968+00:00","challenge_view","Company Challenges","Company Challenges Demo","","","d7515106-657d-4bae-9e65-ea585f433c93"
"2026-02-04T18:14:46.464338+00:00","password_attempt","Company Challenges","Company Challenges Demo","","Launch Ideation Challenge","acbcdb9e-80b0-462a-9c12-b153102e6bdb"
"2026-02-04T18:14:04.246325+00:00","assignment_complete","Company Challenges","Company Challenges Demo","Innovation Demo","Frame the problem","acbcdb9e-80b0-462a-9c12-b153102e6bdb"
"2026-02-04T18:13:59.362032+00:00","assignment_view","Company Challenges","Company Challenges Demo","Innovation Demo","Frame the problem","acbcdb9e-80b0-462a-9c12-b153102e6bdb"
"2026-02-04T18:13:41.247235+00:00","assignment_complete","Company Challenges","Company Challenges Demo","Values challenge Demo","Try This","acbcdb9e-80b0-462a-9c12-b153102e6bdb"
"2026-02-04T18:13:25.743035+00:00","assignment_view","Company Challenges","Company Challenges Demo","Values challenge Demo","Try This","acbcdb9e-80b0-462a-9c12-b153102e6bdb"
"2026-02-04T18:12:57.76303+00:00","challenge_view","Company Challenges","Company Challenges Demo","","","acbcdb9e-80b0-462a-9c12-b153102e6bdb"
"2026-02-04T16:12:32.244312+00:00","challenge_view","Company Challenges","Company Challenges Demo","","","e06e11cd-57f4-4091-bbed-4d1dbb7b712c"
"2026-02-04T16:12:30.761448+00:00","assignment_view","Company Challenges","Company Challenges Demo","AI Adoption Demo","Your First Useful Prompt","e06e11cd-57f4-4091-bbed-4d1dbb7b712c"
"2026-02-04T16:11:45.399062+00:00","assignment_complete","Company Challenges","Company Challenges Demo","AI Adoption Demo","Your First Useful Prompt","e06e11cd-57f4-4091-bbed-4d1dbb7b712c"
"2026-02-04T16:11:01.725068+00:00","media_play","Company Challenges","Company Challenges Demo","","Your First Useful Prompt","e06e11cd-57f4-4091-bbed-4d1dbb7b712c"
"2026-02-04T16:10:53.206602+00:00","assignment_view","Company Challenges","Company Challenges Demo","AI Adoption Demo","Your First Useful Prompt","e06e11cd-57f4-4091-bbed-4d1dbb7b712c"
"2026-02-04T16:10:01.533127+00:00","challenge_view","Company Challenges","Company Challenges Demo","","","e06e11cd-57f4-4091-bbed-4d1dbb7b712c"
"2026-02-04T14:48:50.441653+00:00","assignment_complete","Company Challenges","Company Challenges Demo","Values challenge Demo","The Storyteller","acbcdb9e-80b0-462a-9c12-b153102e6bdb"
"2026-02-04T14:48:49.386795+00:00","assignment_view","Company Challenges","Company Challenges Demo","Values challenge Demo","The Storyteller","acbcdb9e-80b0-462a-9c12-b153102e6bdb"
"2026-02-04T14:48:31.44552+00:00","assignment_complete","Company Challenges","Company Challenges Demo","Values challenge Demo","Ask a Friend","acbcdb9e-80b0-462a-9c12-b153102e6bdb"
"2026-02-04T14:48:30.049307+00:00","assignment_view","Company Challenges","Company Challenges Demo","Values challenge Demo","Ask a Friend","acbcdb9e-80b0-462a-9c12-b153102e6bdb"
"2026-02-04T14:48:20.201264+00:00","assignment_complete","Company Challenges","Company Challenges Demo","Values challenge Demo","Taking Charge","acbcdb9e-80b0-462a-9c12-b153102e6bdb"
"2026-02-04T14:48:18.581684+00:00","assignment_view","Company Challenges","Company Challenges Demo","Values challenge Demo","Taking Charge","acbcdb9e-80b0-462a-9c12-b153102e6bdb"
"2026-02-04T14:48:08.02902+00:00","assignment_view","Company Challenges","Company Challenges Demo","Values challenge Demo","More Than Words","acbcdb9e-80b0-462a-9c12-b153102e6bdb"
"2026-02-04T14:48:02.575124+00:00","assignment_complete","Company Challenges","Company Challenges Demo","Values challenge Demo","Well Done!","acbcdb9e-80b0-462a-9c12-b153102e6bdb"
"2026-02-04T14:47:58.784312+00:00","assignment_view","Company Challenges","Company Challenges Demo","Values challenge Demo","Well Done!","acbcdb9e-80b0-462a-9c12-b153102e6bdb"
"2026-02-04T14:47:47.940104+00:00","assignment_complete","Company Challenges","Company Challenges Demo","Values challenge Demo","More Than Words","acbcdb9e-80b0-462a-9c12-b153102e6bdb"
"2026-02-04T14:47:41.510801+00:00","assignment_view","Company Challenges","Company Challenges Demo","Values challenge Demo","More Than Words","acbcdb9e-80b0-462a-9c12-b153102e6bdb"
"2026-02-04T14:47:28.511239+00:00","challenge_view","Company Challenges","Company Challenges Demo","","","acbcdb9e-80b0-462a-9c12-b153102e6bdb"
"2026-02-04T14:45:32.897073+00:00","challenge_view","Company Challenges","Company Challenges Demo","","","151449ee-6e96-4b08-a8c8-5090431e4ed9"
"2026-02-04T14:45:24.974345+00:00","challenge_view","Company Challenges","Company Challenges Demo","","","151449ee-6e96-4b08-a8c8-5090431e4ed9"
"2026-02-04T13:21:57.606589+00:00","challenge_view","Company Challenges","Company Challenges Demo","","","7606a74b-4762-4f65-a116-0ba8b050e0cc"
"2026-02-04T08:47:44.413451+00:00","assignment_view","Company Challenges","Company Challenges Demo","AI Adoption Demo","What do you think?","7606a74b-4762-4f65-a116-0ba8b050e0cc"
"2026-02-04T08:47:36.967967+00:00","assignment_complete","Company Challenges","Company Challenges Demo","AI Adoption Demo","Your First Useful Prompt","7606a74b-4762-4f65-a116-0ba8b050e0cc"
"2026-02-04T08:47:21.666907+00:00","media_play","Company Challenges","Company Challenges Demo","","Your First Useful Prompt","7606a74b-4762-4f65-a116-0ba8b050e0cc"
"2026-02-04T08:47:05.462371+00:00","assignment_view","Company Challenges","Company Challenges Demo","AI Adoption Demo","Your First Useful Prompt","7606a74b-4762-4f65-a116-0ba8b050e0cc"
"2026-02-04T08:30:37.216352+00:00","challenge_view","Company Challenges","Company Challenges Demo","","","7606a74b-4762-4f65-a116-0ba8b050e0cc"
"2026-02-04T08:23:58.347276+00:00","challenge_view","Company Challenges","Company Challenges Demo","","","7606a74b-4762-4f65-a116-0ba8b050e0cc"
"2026-02-04T08:11:57.358146+00:00","challenge_view","Company Challenges","Company Challenges Demo","","","8443f050-17ae-4874-b726-fe2ae0cf381c"
"2026-02-04T08:11:34.121132+00:00","assignment_view","Company Challenges","Company Challenges Demo","Innovation Demo","Value statement","8443f050-17ae-4874-b726-fe2ae0cf381c"
"2026-02-04T08:10:53.821006+00:00","assignment_view","Company Challenges","Company Challenges Demo","Innovation Demo","Time to collaborate","8443f050-17ae-4874-b726-fe2ae0cf381c"
"2026-02-04T08:10:39.623602+00:00","assignment_view","Company Challenges","Company Challenges Demo","Innovation Demo","Frame the problem","8443f050-17ae-4874-b726-fe2ae0cf381c"
"2026-02-04T08:10:22.110503+00:00","challenge_view","Company Challenges","Company Challenges Demo","","","8443f050-17ae-4874-b726-fe2ae0cf381c"
"2026-02-04T08:10:13.093735+00:00","assignment_view","Company Challenges","Company Challenges Demo","Values challenge Demo","When in Doubt…","8443f050-17ae-4874-b726-fe2ae0cf381c"
"2026-02-04T08:10:09.54586+00:00","assignment_view","Company Challenges","Company Challenges Demo","Values challenge Demo","When in Doubt…","8443f050-17ae-4874-b726-fe2ae0cf381c"
"2026-02-04T08:09:54.996209+00:00","assignment_view","Company Challenges","Company Challenges Demo","Values challenge Demo","When in Doubt…","8443f050-17ae-4874-b726-fe2ae0cf381c"
"2026-02-04T08:09:48.135796+00:00","assignment_view","Company Challenges","Company Challenges Demo","Values challenge Demo","The Storyteller","8443f050-17ae-4874-b726-fe2ae0cf381c"
"2026-02-04T08:09:40.608121+00:00","assignment_view","Company Challenges","Company Challenges Demo","Values challenge Demo","Taking Charge","8443f050-17ae-4874-b726-fe2ae0cf381c"
"2026-02-04T08:09:12.898173+00:00","assignment_view","Company Challenges","Company Challenges Demo","Values challenge Demo","More Than Words","8443f050-17ae-4874-b726-fe2ae0cf381c"
"2026-02-04T08:09:05.674112+00:00","assignment_complete","Company Challenges","Company Challenges Demo","Values challenge Demo","When in Doubt…","8443f050-17ae-4874-b726-fe2ae0cf381c"
"2026-02-04T08:08:54.686189+00:00","assignment_view","Company Challenges","Company Challenges Demo","Values challenge Demo","When in Doubt…","8443f050-17ae-4874-b726-fe2ae0cf381c"
"2026-02-04T08:08:24.371904+00:00","challenge_view","Company Challenges","Company Challenges Demo","","","8443f050-17ae-4874-b726-fe2ae0cf381c"
"2026-02-04T07:48:32.048609+00:00","challenge_view","Company Challenges","Company Challenges Demo","","","406519ad-3897-4f77-817b-122bdc516dbe"
"2026-02-04T07:48:16.413068+00:00","challenge_view","Company Challenges","Company Challenges Demo","","","406519ad-3897-4f77-817b-122bdc516dbe"
"2026-02-04T07:47:49.87126+00:00","challenge_view","Company Challenges","Company Challenges Demo","","","7606a74b-4762-4f65-a116-0ba8b050e0cc"
"2026-02-04T07:43:07.254816+00:00","challenge_view","Company Challenges","Company Challenges Demo","","","d24e74c9-9ee9-4c0c-bf6b-c6cc00f22495"
"2026-02-04T07:34:27.457935+00:00","challenge_view","Company Challenges","Company Challenges Demo","","","7606a74b-4762-4f65-a116-0ba8b050e0cc"
"2026-02-04T07:26:34.823477+00:00","assignment_view","Company Challenges","Company Challenges Demo","Values challenge Demo","More Than Words","7606a74b-4762-4f65-a116-0ba8b050e0cc"
"2026-02-04T07:10:24.619313+00:00","assignment_view","Company Challenges","Company Challenges Demo","AI Adoption Demo","What do you think?","f7bdbfe1-ec2d-4f4a-8a2b-eacd078e7570"
"2026-02-04T07:10:12.191766+00:00","challenge_view","Company Challenges","Company Challenges Demo","","","f7bdbfe1-ec2d-4f4a-8a2b-eacd078e7570"
"2026-02-04T07:10:09.108718+00:00","challenge_view","Company Challenges","Company Challenges Demo","","","f7bdbfe1-ec2d-4f4a-8a2b-eacd078e7570"
"2026-02-04T07:10:07.367519+00:00","challenge_view","Company Challenges","Company Challenges Demo","","","f7bdbfe1-ec2d-4f4a-8a2b-eacd078e7570"
"2026-02-04T07:10:02.316139+00:00","media_play","Company Challenges","Company Challenges Demo","","Jobs to be done","f7bdbfe1-ec2d-4f4a-8a2b-eacd078e7570"
"2026-02-04T07:09:58.878004+00:00","assignment_view","Company Challenges","Company Challenges Demo","","Jobs to be done","f7bdbfe1-ec2d-4f4a-8a2b-eacd078e7570"
"2026-02-04T07:09:44.549515+00:00","assignment_view","Company Challenges","Company Challenges Demo","","More than words","f7bdbfe1-ec2d-4f4a-8a2b-eacd078e7570"
"2026-02-04T07:09:44.224673+00:00","password_attempt","Company Challenges","Company Challenges Demo","","More than words","f7bdbfe1-ec2d-4f4a-8a2b-eacd078e7570"
"2026-02-04T07:09:29.06639+00:00","challenge_view","Company Challenges","Company Challenges Demo","","","f7bdbfe1-ec2d-4f4a-8a2b-eacd078e7570"
"2026-02-04T07:09:26.085728+00:00","challenge_view","Company Challenges","Company Challenges Demo","","","f7bdbfe1-ec2d-4f4a-8a2b-eacd078e7570"
"2026-02-04T07:07:50.372803+00:00","assignment_view","Company Challenges","Company Challenges Demo","AI Adoption Demo","What do you think?","7606a74b-4762-4f65-a116-0ba8b050e0cc"
"2026-02-03T17:57:31.408669+00:00","assignment_view","Company Challenges","Company Challenges Demo","","Tell them about it","f7bdbfe1-ec2d-4f4a-8a2b-eacd078e7570"
"2026-02-03T17:25:45.773268+00:00","media_play","Company Challenges","Company Challenges Demo","","Jobs to be done","7606a74b-4762-4f65-a116-0ba8b050e0cc"
"2026-02-03T17:25:41.641005+00:00","assignment_view","Company Challenges","Company Challenges Demo","","Jobs to be done","7606a74b-4762-4f65-a116-0ba8b050e0cc"
"2026-02-03T17:18:43.766239+00:00","challenge_view","Company Challenges","Company Challenges Demo","","","7606a74b-4762-4f65-a116-0ba8b050e0cc"
"2026-02-03T17:15:39.27903+00:00","assignment_view","Company Challenges","Company Challenges Demo","AI Adoption Demo","The Prompt Library","7606a74b-4762-4f65-a116-0ba8b050e0cc"
"2026-02-03T17:15:29.895467+00:00","assignment_view","Company Challenges","Company Challenges Demo","AI Adoption Demo","AI Foundations: Prompting with PARTS","7606a74b-4762-4f65-a116-0ba8b050e0cc"
"2026-02-03T17:14:29.23875+00:00","challenge_view","Company Challenges","Company Challenges Demo","","","7606a74b-4762-4f65-a116-0ba8b050e0cc"